{"cameraMode":{"drawMode":0,"name":"Shaded","section":"Shading Mode"},"sceneLighting":true,"audioPlay":false,"sceneViewState":{"m_AlwaysRefresh":false,"showFog":true,"showSkybox":true,"showFlares":true,"showImageEffects":true,"showParticleSystems":true,"showVisualEffectGraphs":true,"m_FxEnabled":true},"in2DMode":false,"pivot":{"x":-0.23437370359897614,"y":10.275376319885254,"z":-10.01042652130127},"rotation":{"x":0.40936166048049929,"y":-0.010960938408970833,"z":0.004889894276857376,"w":0.9122413992881775},"size":1.765620470046997,"orthographic":false}